Mikian, github, mm909, mikian.jpg
Mikian, instagram, mikian_, mikian.jpg
Victor, github, victortaksheyev, victor.jpg
Alex, github, ShadyAlexCodes, alex.jpg
Jose, github, quijas4101, jose.jpg
CodeCentral!, github, Code-Central, CodeCentral.png
NewStudent, github, CodeCodeCode, none.png
Justin, github, justinhschaaf, justinhschaaf.png
Cali, github, calijava1101, cali.png
Max, github, MernGG, max.jpg
Sam, github, Willowvayle, SamCornelius.jpg
Matthias, github, Matthiasclee, MatthiasL.jpg
Samuel, github, animalsandsuch, idot1.jpg
